LÃ¤nder,Sportart,event,Medallien,"Name Athlet",Geschlecht
FIN,Archery,"Archery Men's Team",Gold,"Paavo Johannes Aaltonen",M
FIN,Archery,"Archery Men's Team",Gold,"Paavo Johannes Aaltonen",M
FIN,Archery,"Archery Men's Team",Gold,"Paavo Johannes Aaltonen",M
NOR,Archery,"Archery Women's Individual",Gold,"Ragnhild Margrethe Aamodt",F
NOR,"Art Competitions","Art Competitions Mixed Painting, Graphic Arts",Gold,"Thomas Valentin Aas",M
FRA,Athletics,"Athletics Men's 10 mile Walk",Gold,"Ren Abadie",M
BLR,Athletics,"Athletics Men's 4 x 400 metres Relay",Gold,"Aleksey Aleksandrovich Abalmasov",M
FRA,Athletics,"Athletics Men's 400 metres",Gold,"Luc Abalo",M
FRA,Athletics,"Athletics Men's 400 metres",Gold,"Luc Abalo",M
CMR,Athletics,"Athletics Men's 5,000 metres",Gold,"Jouan Patrice Abanda Etong",M
ESP,Athletics,"Athletics Men's 800 metres",Gold,"Jos Mara Abarca Plotas",M
ESP,Athletics,"Athletics Men's Discus Throw",Gold,"Alejandro Abascal Garca",M
FRA,Athletics,"Athletics Men's Long Jump",Gold,"Jol Marc Abati",M
ITA,Athletics,"Athletics Women's 100 metres",Gold,"Agostino Abbagnale",M
ITA,Athletics,"Athletics Women's 100 metres",Gold,"Agostino Abbagnale",M
ITA,Athletics,"Athletics Women's 100 metres",Gold,"Agostino Abbagnale",M
ITA,Athletics,"Athletics Women's 100 metres Hurdles",Gold,"Carmine Abbagnale",M
ITA,Athletics,"Athletics Women's 100 metres Hurdles",Gold,"Carmine Abbagnale",M
ITA,Athletics,"Athletics Women's 20 kilometres Walk",Gold,"Giuseppe Abbagnale",M
ITA,Athletics,"Athletics Women's 20 kilometres Walk",Gold,"Giuseppe Abbagnale",M
PAK,"Jeu De Paume","Jeu De Paume Men's Singles",Gold,"Lala Abdul Rashid",M
URS,"Modern Pentathlon","Modern Pentathlon Women's Individual",Gold,"Zagalav Abdulbekovich Abdulbekov",M
UZB,Rowing,"Rowing Men's Single Sculls",Gold,"Mukhammad Kadyr Abdullayev",M
AZE,Rowing,"Rowing Women's Coxed Fours",Gold,"Namiq Yadulla Abdullayev",M
USA,Sailing,"Sailing Men's One Person Heavyweight Dinghy",Gold,"Julius Shareef Abdur-Rahim",M
EUN,Sailing,"Sailing Mixed 18 foot",Gold,"Andrey Khakimovich Abduvaliyev",M
ESP,Shooting,"Shooting Men's Military Rifle, Prone, 300 metres, Team",Gold,"Abelardo Fernndez Antua",M
USA,Shooting,"Shooting Men's Military Rifle, Standing, 300 metres",Gold,"Louis Grenville "Lou" Abell",M
ETH,Shooting,"Shooting Men's Running Target, Double Shot, Team",Gold,"Gezahgne Abera",M
USA,Shooting,"Shooting Men's Small-Bore Rifle, Prone, 50 and 100 yards",Gold,"Michael Brent Abernathy",M
BUL,Shooting,"Shooting Women's Small-Bore Rifle, Three Positions, 50 metres",Gold,"Ismail Abilov (-Nizamolu)",M
USA,Swimming,"Swimming Men's 100 yard Freestyle",Gold,"Edgar Allen "Ed" Ablowich",M
HUN,Taekwondo,"Taekwondo Women's Flyweight",Gold,"Attila brahm",M
GBR,Trampolining,"Trampolining Men's Individual",Gold,"Harold Maurice Abrahams",M
NOR,Triathlon,"Triathlon Men's Olympic Distance",Gold,"Isak Abrahamsen",M
NOR,"Art Competitions","Art Competitions Mixed Architecture, Architectural Designs",Silver,"Alf Lied Aanning",M
NED,"Art Competitions","Art Competitions Mixed Literature, Epic Works",Silver,"Pepijn Aardewijn",M
NOR,"Art Competitions","Art Competitions Mixed Music, Vocals",Silver,"Karl Jan Aas",M
RUS,Athletics,"Athletics Men's 3,000 metres, Team",Silver,"Mariya Vasilyevna Abakumova (-Tarabina)",F
FRA,Athletics,"Athletics Men's 400 metres",Silver,"Luc Abalo",M
USA,Athletics,"Athletics Men's Decathlon",Silver,"Stephen Anthony Abas",M
RUS,Athletics,"Athletics Men's Javelin Throw",Silver,"Tamila Rashidovna Abasova",F
HUN,Athletics,"Athletics Men's Standing High Jump",Silver,"Pter Abay",M
ITA,Athletics,"Athletics Women's 100 metres Hurdles",Silver,"Carmine Abbagnale",M
ITA,Athletics,"Athletics Women's 20 kilometres Walk",Silver,"Giuseppe Abbagnale",M
USA,Boxing,"Boxing Women's Lightweight",Silver,"Monica Cecilia Abbott",F
USA,Canoeing,"Canoeing Men's Folding Kayak Singles, 10 kilometres",Silver,"Nia Nicole Abdallah",F
PAK,Judo,"Judo Men's Extra-Lightweight",Silver,"Muhammad Abdul Rashid",M
AZE,Rowing,"Rowing Women's Coxed Fours",Silver,"Namiq Yadulla Abdullayev",M
TJK,Sailing,"Sailing Mixed 12 foot",Silver,"Yusup Abdusalomov",M
SUI,Shooting,"Shooting Men's Free Pistol, 50 metres",Silver,"Max "Xam" Abegglen",M
GDR,Shooting,"Shooting Men's Military Pistol, 30 metres",Silver,"Irene Abel",F
NOR,Shooting,"Shooting Men's Military Rifle, Any Position, 600 metres",Silver,"Egil Sten Abel",M
SWE,Shooting,"Shooting Men's Small Bore-Rifle, Standing, 50 metres, Team",Silver,"Nils Georg berg",M
TUR,Shooting,"Shooting Men's Trap",Silver,"Elvan Abeylegesse",F
RUS,Swimming,"Swimming Men's 200 metres Backstroke",Silver,"Denis Mikhaylovich Ablyazin",M
RUS,Swimming,"Swimming Men's 200 metres Backstroke",Silver,"Denis Mikhaylovich Ablyazin",M
RUS,Swimming,"Swimming Men's 200 metres Backstroke",Silver,"Denis Mikhaylovich Ablyazin",M
URS,Swimming,"Swimming Men's 220 yard Freestyle",Silver,"Viktor Andreyevich Aboimov",M
EGY,"Synchronized Swimming","Synchronized Swimming Women's Team",Silver,"Alaaeldin Ahmad El-Sayyid Abouelkassem",M
HUN,Taekwondo,"Taekwondo Women's Flyweight",Silver,"Attila brahm",M
SWE,Tennis,"Tennis Mixed Doubles",Silver,"Ara Abrahamian",M
GBR,Trampolining,"Trampolining Men's Individual",Silver,"Harold Maurice Abrahams",M
URS,Weightlifting,"Weightlifting Women's Super-Heavyweight",Silver,"Nelli Mikhaylovna Abramova",F
FIN,Archery,"Archery Men's Target Archery, 50 metres, Individual",Bronze,"Arvo Ossian Aaltonen",M
FIN,Archery,"Archery Men's Target Archery, 50 metres, Individual",Bronze,"Arvo Ossian Aaltonen",M
FIN,Archery,"Archery Men's Team",Bronze,"Paavo Johannes Aaltonen",M
FIN,Archery,"Archery Men's Team",Bronze,"Paavo Johannes Aaltonen",M
NED,"Art Competitions","Art Competitions Mixed Literature, Dramatic Works",Bronze,"Willemien Aardenburg",F
NOR,"Art Competitions","Art Competitions Mixed Music, Unknown Event",Bronze,"Ann Kristin Aarnes",F
ITA,Athletics,"Athletics Men's 200 metres",Bronze,"Giovanni Abagnale",M
ESP,Athletics,"Athletics Men's 200 metres Hurdles",Bronze,"Jos Luis Abajo Gmez",M
AZE,Athletics,"Athletics Men's 3,000 metres Steeplechase",Bronze,"Patimat Abakarova",F
ESP,Athletics,"Athletics Men's Discus Throw, Both Hands",Bronze,"Jos Manuel Abascal Gmez",M
HUN,Athletics,"Athletics Men's Standing Long Jump",Bronze,"Oszkr Abay-Nemes",M
ITA,Athletics,"Athletics Women's 1,500 metres",Bronze,"Silvano Abba",M
AUS,Boxing,"Boxing Men's Heavyweight",Bronze,"Desmond "Des" Abbott",M
IRI,Fencing,"Fencing Men's Sabre, Individual",Bronze,"Saeid Morad Abdevali",M
CAN,"Figure Skating","Figure Skating Men's Singles",Bronze,"Reema Abdo",F
ETH,Sailing,"Sailing Women's Windsurfer",Bronze,"Addis Abebe",M
CAN,Shooting,"Shooting Men's Military Pistol, Team",Bronze,"Jennifer Abel",F
SWE,Shooting,"Shooting Men's Small Bore-Rifle, Standing, 50 metres, Team",Bronze,"Nils Georg berg",M
RSA,Shooting,"Shooting Men's Small-Bore Rifle, Prone, 50 metres",Bronze,"Moira Abernethy (-Ford)",F
RUS,Swimming,"Swimming Men's 200 metres Backstroke",Bronze,"Denis Mikhaylovich Ablyazin",M
RUS,Swimming,"Swimming Men's 200 metres Backstroke",Bronze,"Denis Mikhaylovich Ablyazin",M
URS,Swimming,"Swimming Men's 220 yard Freestyle",Bronze,"Viktor Andreyevich Aboimov",M
AUS,Swimming,"Swimming Men's 400 metres Breaststroke",Bronze,"Matthew "Matt" Abood",M
HUN,Taekwondo,"Taekwondo Women's Flyweight",Bronze,"Attila brahm",M
GBR,Taekwondo,"Taekwondo Women's Welterweight",Bronze,"Gary Abraham",M
SWE,"Water Polo","Water Polo Women's Water Polo",Bronze,"Erik Adolf Efraim Abrahamsson",M
RUS,Weightlifting,"Weightlifting Women's Heavyweight",Bronze,"Pavel Sergeyevich Abramov",M
CHN,Aeronautics,"Aeronautics Mixed Aeronautics",,"A Dijiang",M
CHN,Alpinism,"Alpinism Mixed Alpinism",,"A Lamusi",M
DEN,Archery,"Archery Men's Continental Style",,"Gunnar Nielsen Aaby",M
NED,Archery,"Archery Men's Pole Archery, Large Birds, Team",,"Cornelia "Cor" Aalten (-Strannood)",F
NED,Archery,"Archery Men's Pole Archery, Large Birds, Team",,"Cornelia "Cor" Aalten (-Strannood)",F
FIN,Archery,"Archery Men's Pole Archery, Small Birds, Team",,"Einar Ferdinand "Einari" Aalto",M
FIN,Archery,"Archery Men's Target Archery, 28 metres, Team",,"Jyri Tapani Aalto",M
FIN,Archery,"Archery Men's Target Archery, 33 metres, Individual",,"Minna Maarit Aalto",F
FIN,Archery,"Archery Men's Target Archery, 33 metres, Individual",,"Minna Maarit Aalto",F
FIN,Archery,"Archery Men's Target Archery, 50 metres, Individual",,"Arvo Ossian Aaltonen",M
FIN,Archery,"Archery Men's Target Archery, 50 metres, Individual",,"Arvo Ossian Aaltonen",M
FIN,Archery,"Archery Men's Target Archery, 50 metres, Individual",,"Arvo Ossian Aaltonen",M
FIN,Archery,"Archery Men's Team",,"Paavo Johannes Aaltonen",M
FIN,Archery,"Archery Men's Team",,"Paavo Johannes Aaltonen",M
FIN,Archery,"Archery Men's Team",,"Paavo Johannes Aaltonen",M
FIN,Archery,"Archery Men's Team",,"Paavo Johannes Aaltonen",M
FIN,Archery,"Archery Men's Team",,"Paavo Johannes Aaltonen",M
FIN,Archery,"Archery Men's Team",,"Paavo Johannes Aaltonen",M
FIN,Archery,"Archery Men's Team",,"Paavo Johannes Aaltonen",M
FIN,Archery,"Archery Men's Team",,"Paavo Johannes Aaltonen",M
FIN,Archery,"Archery Men's Team",,"Paavo Johannes Aaltonen",M
FIN,Archery,"Archery Men's Team",,"Paavo Johannes Aaltonen",M
FIN,Archery,"Archery Men's Team",,"Paavo Johannes Aaltonen",M
FIN,Archery,"Archery Men's Team Round",,"Timo Antero Aaltonen",M
FIN,Archery,"Archery Women's Double Columbia Round",,"Win Valdemar Aaltonen",M
ROU,Archery,"Archery Women's Team",,"Andreea Aanei",F
NOR,Archery,"Archery Women's Team Round",,"Fritz Aanes",M
NOR,Archery,"Archery Women's Team Round",,"Fritz Aanes",M
NED,"Art Competitions","Art Competitions Mixed Architecture, Unknown Event",,"Johan Aantjes",M
NOR,"Art Competitions","Art Competitions Mixed Literature",,"Jan-Erik Aarberg",M
NOR,"Art Competitions","Art Competitions Mixed Literature",,"Jan-Erik Aarberg",M
NED,"Art Competitions","Art Competitions Mixed Literature, Epic Works",,"Pepijn Aardewijn",M
EST,"Art Competitions","Art Competitions Mixed Literature, Lyric Works",,"Evald rma (rman-)",M
NOR,"Art Competitions","Art Competitions Mixed Literature, Unknown Event",,"Olav Augunson Aarnes",M
FIN,"Art Competitions","Art Competitions Mixed Music",,"Mika Lauri Aarnikka",M
FIN,"Art Competitions","Art Competitions Mixed Music",,"Mika Lauri Aarnikka",M
FRA,"Art Competitions","Art Competitions Mixed Music, Compositions For Orchestra",,"Jamale (Djamel-) Aarrass (Ahrass-)",M
NED,"Art Competitions","Art Competitions Mixed Music, Instrumental And Chamber",,"Stefan Remco Aartsen",M
NED,"Art Competitions","Art Competitions Mixed Music, Instrumental And Chamber",,"Stefan Remco Aartsen",M
NED,"Art Competitions","Art Competitions Mixed Music, Instrumental And Chamber",,"Stefan Remco Aartsen",M
NED,"Art Competitions","Art Competitions Mixed Music, Instrumental And Chamber",,"Stefan Remco Aartsen",M
NED,"Art Competitions","Art Competitions Mixed Music, Instrumental And Chamber",,"Stefan Remco Aartsen",M
NOR,"Art Competitions","Art Competitions Mixed Painting",,"Lars Thorlaksn Aas",M
NOR,"Art Competitions","Art Competitions Mixed Painting",,"Lars Thorlaksn Aas",M
NOR,"Art Competitions","Art Competitions Mixed Painting",,"Lars Thorlaksn Aas",M
NOR,"Art Competitions","Art Competitions Mixed Painting, Drawings And Water Colors",,"Rolf Aas",M
NOR,"Art Competitions","Art Competitions Mixed Painting, Paintings",,"Morten Gjerdrum Aasen",M
NOR,"Art Competitions","Art Competitions Mixed Sculpturing",,"Hakon Aasns",M
NOR,"Art Competitions","Art Competitions Mixed Sculpturing, Medals",,"Hans Aasns",M
NOR,"Art Competitions","Art Competitions Mixed Sculpturing, Medals",,"Hans Aasns",M
NOR,"Art Competitions","Art Competitions Mixed Sculpturing, Medals",,"Hans Aasns",M
NOR,"Art Competitions","Art Competitions Mixed Sculpturing, Medals",,"Hans Aasns",M
NOR,"Art Competitions","Art Competitions Mixed Sculpturing, Medals",,"Hans Aasns",M
NOR,"Art Competitions","Art Competitions Mixed Sculpturing, Medals And Plaques",,"Erling Rudolf Aastad",M
NOR,"Art Competitions","Art Competitions Mixed Sculpturing, Medals And Plaques",,"Erling Rudolf Aastad",M
NOR,"Art Competitions","Art Competitions Mixed Sculpturing, Medals And Plaques",,"Erling Rudolf Aastad",M
NOR,"Art Competitions","Art Competitions Mixed Sculpturing, Medals And Plaques",,"Erling Rudolf Aastad",M
MAR,"Art Competitions","Art Competitions Mixed Sculpturing, Medals And Reliefs",,"Abdelhak Aatakni",M
EST,"Art Competitions","Art Competitions Mixed Sculpturing, Reliefs",,"Moonika Aava",F
EST,"Art Competitions","Art Competitions Mixed Sculpturing, Reliefs",,"Moonika Aava",F
EST,"Art Competitions","Art Competitions Mixed Sculpturing, Statues",,"Arvi Aavik",M
EST,"Art Competitions","Art Competitions Mixed Sculpturing, Statues",,"Arvi Aavik",M
ESP,"Art Competitions","Art Competitions Mixed Sculpturing, Unknown Event",,"Nstor Abad Sanjun",M
ESP,"Art Competitions","Art Competitions Mixed Sculpturing, Unknown Event",,"Nstor Abad Sanjun",M
ESP,"Art Competitions","Art Competitions Mixed Sculpturing, Unknown Event",,"Nstor Abad Sanjun",M
ESP,"Art Competitions","Art Competitions Mixed Sculpturing, Unknown Event",,"Nstor Abad Sanjun",M
ESP,"Art Competitions","Art Competitions Mixed Sculpturing, Unknown Event",,"Nstor Abad Sanjun",M
ESP,"Art Competitions","Art Competitions Mixed Sculpturing, Unknown Event",,"Nstor Abad Sanjun",M
FRA,"Art Competitions","Art Competitions Mixed Unknown Event",,"Patrick Abada",M
EGY,Athletics,"Athletics Men's 1,500 metres",,"Talaat Abada",M
IRI,Athletics,"Athletics Men's 1,600 metres Medley Relay",,"Mohamed Jamshid Abadi",M
ESP,Athletics,"Athletics Men's 10 kilometres Walk",,"Antonio Abadia Beci",M
FRA,Athletics,"Athletics Men's 10 mile Walk",,"Ren Abadie",M
BUL,Athletics,"Athletics Men's 10,000 metres",,"Borislav Abadzhiev",M
BUL,Athletics,"Athletics Men's 100 metres",,"Georgi Abadzhiev",M
BUL,Athletics,"Athletics Men's 100 metres",,"Georgi Abadzhiev",M
BUL,Athletics,"Athletics Men's 110 metres Hurdles",,"Ivan Nikolov Abadzhiev",M
BUL,Athletics,"Athletics Men's 110 metres Hurdles",,"Ivan Nikolov Abadzhiev",M
BUL,Athletics,"Athletics Men's 2,590 metres Steeplechase",,"Mikhail Abadzhiev",M
BUL,Athletics,"Athletics Men's 20 kilometres Walk",,"Stefan Abadzhiev",M
CHA,Athletics,"Athletics Men's 3 mile, Team",,"M'Bairo Abakar",M
SUD,Athletics,"Athletics Men's 3,000 metres Walk",,"Mohamed Abakkar",M
RUS,Athletics,"Athletics Men's 3,000 metres, Team",,"Mariya Vasilyevna Abakumova (-Tarabina)",F
ARG,Athletics,"Athletics Men's 3,200 metres Steeplechase",,"Pablo Martn Abal",M
ARG,Athletics,"Athletics Men's 3,200 metres Steeplechase",,"Pablo Martn Abal",M
ESP,Athletics,"Athletics Men's 3,500 metres Walk",,"Tamara Abalde Daz",F
CUB,Athletics,"Athletics Men's 4 mile, Team",,"Jess Iory Aball Martnez",M
CUB,Athletics,"Athletics Men's 4 x 100 metres Relay",,"Juan Antonio Aball Delgado",M
CUB,Athletics,"Athletics Men's 4 x 100 metres Relay",,"Juan Antonio Aball Delgado",M
BLR,Athletics,"Athletics Men's 4 x 400 metres Relay",,"Aleksey Aleksandrovich Abalmasov",M
ARG,Athletics,"Athletics Men's 400 metres Hurdles",,"Mara Laura Abalo",F
GRE,Athletics,"Athletics Men's 5 mile",,"Giorgos Abalof",M
CMR,Athletics,"Athletics Men's 50 kilometres Walk",,"Antoine Abang",M
TUR,Athletics,"Athletics Men's 56-pound Weight Throw",,"Salim Abanoz",M
CHI,Athletics,"Athletics Men's 60 metres",,"Carlos Abarca Gonzlez",M
GRE,Athletics,"Athletics Men's All-Around Championship",,"Georgios Abaris",M
MEX,Athletics,"Athletics Men's Cross-Country, Individual",,"Enrique Abaroa Martnez",M
CHI,Athletics,"Athletics Men's Cross-Country, Team",,"Carlos Arturo Abarza Chavez",M
ESP,Athletics,"Athletics Men's Discus Throw",,"Alejandro Abascal Garca",M
ESP,Athletics,"Athletics Men's Discus Throw",,"Alejandro Abascal Garca",M
ESP,Athletics,"Athletics Men's Discus Throw, Both Hands",,"Jos Manuel Abascal Gmez",M
URS,Athletics,"Athletics Men's Discus Throw, Greek Style",,"Rost'om Omeris dze Abashidze",M
URS,Athletics,"Athletics Men's Hammer Throw",,"Nunu Dzhansuhivna Abashydze (-Myslaieva)",F
CHI,Athletics,"Athletics Men's High Jump",,"Rodrigo Abasolo",M
RUS,Athletics,"Athletics Men's Javelin Throw",,"Tamila Rashidovna Abasova",F
ITA,Athletics,"Athletics Men's Javelin Throw, Both Hands",,"Emanuele Abate",M
ITA,Athletics,"Athletics Men's Javelin Throw, Freestyle",,"Ignazio Abate",M
FRA,Athletics,"Athletics Men's Long Jump",,"Jol Marc Abati",M
CHI,Athletics,"Athletics Men's Marathon",,"Ral Abatte",M
GRE,Athletics,"Athletics Men's Pentathlon",,"Georgia Abatzidou",F
NCA,Athletics,"Athletics Men's Pole Vault",,"Carlos Rodolfo Abaunza Balladares",M
NCA,Athletics,"Athletics Men's Shot Put",,"Carlos Alberto Abaunza",M
MEX,Athletics,"Athletics Men's Shot Put, Both Hands",,"Hctor Abaunza",M
MEX,Athletics,"Athletics Men's Shot Put, Both Hands",,"Hctor Abaunza",M
MEX,Athletics,"Athletics Men's Shot Put, Both Hands",,"Hctor Abaunza",M
HUN,Athletics,"Athletics Men's Standing Long Jump",,"Oszkr Abay-Nemes",M
NGR,Athletics,"Athletics Men's Standing Triple Jump",,"Adeyemi Abayomi",M
EGY,Athletics,"Athletics Men's Triple Jump",,"Sayed Fahmy Abaza",M
EGY,Athletics,"Athletics Men's Triple Jump",,"Sayed Fahmy Abaza",M
CHA,Athletics,"Athletics Women's 10 kilometres Walk",,"Gana Abba Kimet",M
ALG,Athletics,"Athletics Women's 10,000 metres",,"Ilyas Abbadi",M
ALG,Athletics,"Athletics Women's 10,000 metres",,"Ilyas Abbadi",M
ITA,Athletics,"Athletics Women's 100 metres Hurdles",,"Carmine Abbagnale",M
ITA,Athletics,"Athletics Women's 20 kilometres Walk",,"Giuseppe Abbagnale",M
KUW,Athletics,"Athletics Women's 200 metres",,"Abdul Latif Al-Sayed Abbas Youssef Hashem",M
KUW,Athletics,"Athletics Women's 200 metres",,"Abdul Latif Al-Sayed Abbas Youssef Hashem",M
KUW,Athletics,"Athletics Women's 200 metres",,"Abdul Latif Al-Sayed Abbas Youssef Hashem",M
BRN,Athletics,"Athletics Women's 3,000 metres",,"Abubakar Abbas Abbas",M
PAK,Athletics,"Athletics Women's 3,000 metres Steeplechase",,"Aqarab Abbas",M
IRQ,Athletics,"Athletics Women's 4 x 100 metres Relay",,"Aziz Abbas",M
IRQ,Athletics,"Athletics Women's 4 x 400 metres Relay",,"Bassim Abbas Kati Al-Ogaili",M
KUW,Athletics,"Athletics Women's 400 metres",,"Essa Abbas Faleh Hashem",M
PAK,Athletics,"Athletics Women's 400 metres Hurdles",,"Ghulam Abbas",M
UAR,Athletics,"Athletics Women's 5,000 metres",,"Hosni Mohamed Abbas",M
EGY,Athletics,"Athletics Women's 5,000 metres",,"Hosni Mohamed Abbas",M
LIB,Athletics,"Athletics Women's 80 metres Hurdles",,"Maher Abbas",M
LIB,Athletics,"Athletics Women's 80 metres Hurdles",,"Maher Abbas",M
EGY,Athletics,"Athletics Women's 800 metres",,"Mahmoud Abbas",M
EGY,Athletics,"Athletics Women's Discus Throw",,"Mohamed Fakhry Rifaat Abbas",M
IRQ,Athletics,"Athletics Women's Hammer Throw",,"Mohammed Abbas Sabih",M
QAT,Athletics,"Athletics Women's High Jump",,"Nader Sufyan Abbas",M
PAK,Athletics,"Athletics Women's Javelin Throw",,"Sohail Abbas",M
PAK,Athletics,"Athletics Women's Javelin Throw",,"Sohail Abbas",M
PAK,Athletics,"Athletics Women's Javelin Throw",,"Sohail Abbas",M
EGY,Athletics,"Athletics Women's Long Jump",,"Youssef Mohamed Abbas",M
MAS,Athletics,"Athletics Women's Marathon",,"Zulkifli Abbas",M
PAK,Athletics,"Athletics Women's Pole Vault",,"Shakeel Abbasi",M
PAK,Athletics,"Athletics Women's Pole Vault",,"Shakeel Abbasi",M
PAK,Athletics,"Athletics Women's Pole Vault",,"Shakeel Abbasi",M
IRI,Athletics,"Athletics Women's Shot Put",,"Soulmaz Abbasi Azad",F
AZE,Athletics,"Athletics Women's Triple Jump",,"Ruslan Abbasov",M
AZE,Badminton,"Badminton Men's Doubles",,"Tural Abbasov",M
AZE,Badminton,"Badminton Men's Singles",,"Tran Abbasova",F
ITA,Badminton,"Badminton Mixed Doubles",,"Simona Abbate",F
ITA,Badminton,"Badminton Women's Singles",,"Christian Abbiati",M
NED,Baseball,"Baseball Men's Baseball",,"Lois Abbingh",F
ITA,Basketball,"Basketball Men's Basketball",,"Alessandro Abbio",M
IRQ,"Beach Volleyball","Beach Volleyball Men's Beach Volleyball",,"Salwan Jasim Abbood Abbood",M
CAN,Boxing,"Boxing Men's Bantamweight",,"William "Bill" Abbott Jr.",M
CAN,Boxing,"Boxing Men's Bantamweight",,"William "Bill" Abbott Jr.",M
IRL,Boxing,"Boxing Men's Featherweight",,"Clare Abbott",F
IRL,Boxing,"Boxing Men's Featherweight",,"Clare Abbott",F
USA,Boxing,"Boxing Men's Flyweight",,"David "Dave" Abbott",M
RSA,Boxing,"Boxing Men's Light-Flyweight",,"Geoffrey Grant Abbott",M
CAN,Boxing,"Boxing Men's Light-Middleweight",,"Jeremy Abbott",M
CAN,Boxing,"Boxing Men's Lightweight",,"Joanne Abbott",F
CAN,Boxing,"Boxing Men's Light-Welterweight",,"Kathryn "Katie" Abbott",F
USA,Boxing,"Boxing Men's Middleweight",,"Mara Katherine Abbott",F
CAN,Boxing,"Boxing Women's Flyweight",,"Matt Abbott",M
MAR,Boxing,"Boxing Women's Middleweight",,"Khadija Abbouda",F
EGY,Canoeing,"Canoeing Men's Canadian Doubles, 1,000 metres",,"Mohamed Ibrahim Abd El-Fatah Mohamed",M
EGY,Canoeing,"Canoeing Men's Canadian Doubles, 1,000 metres",,"Mohamed Ibrahim Abd El-Fatah Mohamed",M
EGY,Canoeing,"Canoeing Men's Canadian Doubles, 1,000 metres",,"Mohamed Ibrahim Abd El-Fatah Mohamed",M
EGY,Canoeing,"Canoeing Men's Canadian Doubles, 10,000 metres",,"Mahmoud Abd El-Kader",M
EGY,Canoeing,"Canoeing Men's Canadian Doubles, 500 metres",,"Mohamed Ibrahim Abd El-Salam",M
EGY,Canoeing,"Canoeing Men's Canadian Doubles, 500 metres",,"Mohamed Ibrahim Abd El-Salam",M
EGY,Canoeing,"Canoeing Men's Canadian Doubles, Slalom",,"Noha Abd Rabo",F
EGY,Canoeing,"Canoeing Men's Canadian Singles, 1,000 metres",,"Reem Wa'il Abdalazem Abdalazem El-Bossaty",F
EGY,Canoeing,"Canoeing Men's Canadian Singles, 1,000 metres",,"Reem Wa'il Abdalazem Abdalazem El-Bossaty",F
EGY,Canoeing,"Canoeing Men's Canadian Singles, 1,000 metres",,"Reem Wa'il Abdalazem Abdalazem El-Bossaty",F
ERI,Canoeing,"Canoeing Men's Canadian Singles, 10,000 metres",,"Ali Abdalla Afringi",M
EGY,Canoeing,"Canoeing Men's Canadian Singles, 200 metres",,"Hossam Abdalla",M
EGY,Canoeing,"Canoeing Men's Canadian Singles, 500 metres",,"Hosam Abdallah",M
EGY,Canoeing,"Canoeing Men's Canadian Singles, 500 metres",,"Hosam Abdallah",M
UAR,Canoeing,"Canoeing Men's Canadian Singles, Slalom",,"Ismail Abdallah",M
UAR,Canoeing,"Canoeing Men's Canadian Singles, Slalom",,"Ismail Abdallah",M
UAR,Canoeing,"Canoeing Men's Canadian Singles, Slalom",,"Ismail Abdallah",M
UAR,Canoeing,"Canoeing Men's Canadian Singles, Slalom",,"Ismail Abdallah",M
UAR,Canoeing,"Canoeing Men's Canadian Singles, Slalom",,"Ismail Abdallah",M
UAR,Canoeing,"Canoeing Men's Canadian Singles, Slalom",,"Ismail Abdallah",M
UAR,Canoeing,"Canoeing Men's Canadian Singles, Slalom",,"Ismail Abdallah",M
UAR,Canoeing,"Canoeing Men's Canadian Singles, Slalom",,"Ismail Abdallah",M
EGY,Canoeing,"Canoeing Men's Folding Kayak Doubles, 10 kilometres",,"Maged Abdallah",M
TAN,Canoeing,"Canoeing Men's Kayak Doubles, 1,000 metres",,"Omari Abdallah",M
TAN,Canoeing,"Canoeing Men's Kayak Doubles, 1,000 metres",,"Omari Abdallah",M
FRA,Canoeing,"Canoeing Men's Kayak Doubles, 10,000 metres",,"Ould Lamine Abdallah",M
KUW,Canoeing,"Canoeing Men's Kayak Doubles, 200 metres",,"Younis Abdallah Rabee",M
JOR,Canoeing,"Canoeing Men's Kayak Doubles, 500 metres",,"Raida Abdallah Bader",F
EGY,Canoeing,"Canoeing Men's Kayak Fours, 1,000 metres",,"Maha Abdalsalam Gouda",F
EGY,Canoeing,"Canoeing Men's Kayak Relay 4 x 500 metres",,"Mahmoud Abdel Aziz",M
EGY,Canoeing,"Canoeing Men's Kayak Singles, 1,000 metres",,"Mohamed Abdel Ellah",M
SUD,Canoeing,"Canoeing Men's Kayak Singles, 10,000 metres",,"Mohamed Abdel Fatah",M
UAR,Canoeing,"Canoeing Men's Kayak Singles, 200 metres",,"Ali Mohamed Badawi Abdel Fattah Badawi",M
EGY,Canoeing,"Canoeing Men's Kayak Singles, 500 metres",,"Abdelgani Hassan Abdel Fattah",M
UAR,Canoeing,"Canoeing Men's Kayak Singles, Slalom",,"Mahmoud Atter Abdel Fattah",M
EGY,Canoeing,"Canoeing Women's Kayak Doubles, 500 metres",,"Mohamed Abdel Fattah",M
SUD,Canoeing,"Canoeing Women's Kayak Fours, 500 metres",,"Sayed Abdel Gadir",M
SUD,Canoeing,"Canoeing Women's Kayak Fours, 500 metres",,"Sayed Abdel Gadir",M
SUD,Canoeing,"Canoeing Women's Kayak Singles, 200 metres",,"Ibrahim Saad Abdel Galil",M
SUD,Canoeing,"Canoeing Women's Kayak Singles, 200 metres",,"Ibrahim Saad Abdel Galil",M
EGY,Canoeing,"Canoeing Women's Kayak Singles, 500 metres",,"Heba Abdel Gawad",F
EGY,Canoeing,"Canoeing Women's Kayak Singles, 500 metres",,"Heba Abdel Gawad",F
EGY,Canoeing,"Canoeing Women's Kayak Singles, Slalom",,"Sara Abdel Gawad",F
EGY,Cycling,"Cycling Men's 1 mile",,"Gamal Amin Abdel Ghani",M
UAR,Cycling,"Cycling Men's 1,000 metres Time Trial",,"Abdel Sattar Abdel Hadj",M
EGY,Cycling,"Cycling Men's 1/2 mile",,"Ragy Abdel Hady",M
EGY,Cycling,"Cycling Men's 1/3 mile",,"Osman Abdel Hafeez",M
EGY,Cycling,"Cycling Men's 1/3 mile",,"Osman Abdel Hafeez",M
EGY,Cycling,"Cycling Men's 1/3 mile",,"Osman Abdel Hafeez",M
EGY,Cycling,"Cycling Men's 1/3 mile",,"Osman Abdel Hafeez",M
EGY,Cycling,"Cycling Men's 1/3 mile",,"Osman Abdel Hafeez",M
UAR,Cycling,"Cycling Men's 1/4 mile",,"Mohamed Abdel Hafiz",M
EGY,Cycling,"Cycling Men's 100 kilometres",,"Moustafa Ali Abdel Halim",M
EGY,Cycling,"Cycling Men's 100 kilometres Team Time Trial",,"Mohamed Abdel Hamed",M
SUD,Cycling,"Cycling Men's 2 mile",,"Hwad Ibrahim Abdel Hamid Lumomba",M
EGY,Cycling,"Cycling Men's 20 kilometres",,"Ibrahim Abdel Hamid",M
EGY,Cycling,"Cycling Men's 25 mile",,"Tamer Mohamed Abdel Hamid",M
EGY,Cycling,"Cycling Men's 5 mile",,"Ahmed El-Sayed Abdel Hamid Mobarak",M
EGY,Cycling,"Cycling Men's 5,000 metres",,"Dorri Abdel Kader Said",M
EGY,Cycling,"Cycling Men's 5,000 metres",,"Dorri Abdel Kader Said",M
EGY,Cycling,"Cycling Men's 5,000 metres",,"Dorri Abdel Kader Said",M
EGY,Cycling,"Cycling Men's 5,000 metres",,"Dorri Abdel Kader Said",M
EGY,Cycling,"Cycling Men's 5,000 metres",,"Dorri Abdel Kader Said",M
UAR,Cycling,"Cycling Men's 5,000 metres",,"Dorri Abdel Kader Said",M
UAR,Cycling,"Cycling Men's 50 kilometres",,"Moustafa Mounib Abdel Kader",M
EGY,Cycling,"Cycling Men's BMX",,"Mohamed Ali Abdel Kerim",M
UAR,Cycling,"Cycling Men's BMX",,"Mohamed Ali Abdel Kerim",M
TUN,Cycling,"Cycling Men's Individual Pursuit, 4,000 metres",,"Mohamed Abdel Khaled",M
EGY,Cycling,"Cycling Men's Individual Time Trial",,"Abdel Latif Abdel Latif",M
EGY,Cycling,"Cycling Men's Keirin",,"Walid Abdel Maksoud",M
EGY,Cycling,"Cycling Men's Madison",,"Amir Abdel Meguid",M
EGY,Cycling,"Cycling Men's Madison",,"Amir Abdel Meguid",M
EGY,Cycling,"Cycling Men's Mountainbike, Cross-Country",,"Mohamed Abdel Mohamed",M
EGY,Cycling,"Cycling Men's Omnium",,"Karim Abdel Mohsen",M
EGY,Cycling,"Cycling Men's Points Race",,"Awad Abdel Nabi Awad",M
EGY,Cycling,"Cycling Men's Points Race",,"Awad Abdel Nabi Awad",M
EGY,Cycling,"Cycling Men's Road Race, Individual",,"Ahmed Abdel Naeim",M
EGY,Cycling,"Cycling Men's Road Race, Individual",,"Ahmed Abdel Naeim",M
LBA,Cycling,"Cycling Men's Road Race, Team",,"Moustafa Abdel Naser",M
EGY,Cycling,"Cycling Men's Sprint",,"Ali Abdel Radi",M
UAR,Cycling,"Cycling Men's Tandem Sprint, 2,000 metres",,"Amin Abdel Rahman",M
EGY,Cycling,"Cycling Men's Tandem Sprint, 2,000 metres",,"Amin Abdel Rahman",M
EGY,Cycling,"Cycling Men's Team Pursuit, 1,980 yards",,"Mohamed Fathallah Abdel Rahman",M
EGY,Cycling,"Cycling Men's Team Pursuit, 1,980 yards",,"Mohamed Fathallah Abdel Rahman",M
EGY,Cycling,"Cycling Men's Team Pursuit, 1,980 yards",,"Mohamed Fathallah Abdel Rahman",M
EGY,Cycling,"Cycling Men's Team Pursuit, 1,980 yards",,"Mohamed Fathallah Abdel Rahman",M
EGY,Cycling,"Cycling Men's Team Pursuit, 1,980 yards",,"Mohamed Fathallah Abdel Rahman",M
EGY,Cycling,"Cycling Men's Team Pursuit, 1,980 yards",,"Mohamed Fathallah Abdel Rahman",M
EGY,Cycling,"Cycling Men's Team Pursuit, 1,980 yards",,"Mohamed Fathallah Abdel Rahman",M
EGY,Cycling,"Cycling Men's Team Pursuit, 4,000 metres",,"Fathi Ali Abdel Rahman",M
UAR,Cycling,"Cycling Men's Team Sprint",,"Ibrahim Abdel Rahman",M
EGY,Cycling,"Cycling Women's 500 metres Time Trial",,"Khaled Abdel Rahman",M
EGY,Cycling,"Cycling Women's BMX",,"Sameh Abdel Rahman",M
UAR,Cycling,"Cycling Women's BMX",,"Sameh Abdel Rahman",M
EGY,Cycling,"Cycling Women's BMX",,"Sameh Abdel Rahman",M
EGY,Cycling,"Cycling Women's Individual Pursuit, 3,000 metres",,"Yasser Abdel Rahman Sakr",M
EGY,Cycling,"Cycling Women's Individual Time Trial",,"Samy Abdel Razek",M
EGY,Cycling,"Cycling Women's Individual Time Trial",,"Samy Abdel Razek",M
EGY,Cycling,"Cycling Women's Individual Time Trial",,"Samy Abdel Razek",M
EGY,Cycling,"Cycling Women's Keirin",,"Mohamed Youssef Abdel Razik",M
EGY,Cycling,"Cycling Women's Mountainbike, Cross-Country",,"Ibrahim Ahmed Abdel Rehim",M
EGY,Cycling,"Cycling Women's Omnium",,"Kamal Abdel Rehim",M
EGY,Cycling,"Cycling Women's Points Race",,"Reskalla Mohamed Abdel Rehim",M
EGY,Cycling,"Cycling Women's Road Race, Individual",,"Ahmed Ali Abdel Samad",M
EGY,Cycling,"Cycling Women's Sprint",,"Ali Abdel Sami",M
UAR,Cycling,"Cycling Women's Team Pursuit",,"Mohamed Abdel Sami",M
EGY,Cycling,"Cycling Women's Team Sprint",,"Sameh Abdel Waress Muhammad",M
EGY,Diving,"Diving Men's Plain High",,"Mohamed Said Abdel Wehab",M
EGY,Diving,"Diving Men's Platform",,"Mahmoud Abdel-Aal",M
EGY,Diving,"Diving Men's Platform",,"Mahmoud Abdel-Aal",M
EGY,Diving,"Diving Men's Platform",,"Mahmoud Abdel-Aal",M
EGY,Diving,"Diving Men's Platform",,"Mahmoud Abdel-Aal",M
EGY,Diving,"Diving Men's Platform",,"Mahmoud Abdel-Aal",M
EGY,Diving,"Diving Men's Platform",,"Mahmoud Abdel-Aal",M
EGY,Diving,"Diving Men's Platform",,"Mahmoud Abdel-Aal",M
EGY,Diving,"Diving Men's Platform",,"Mahmoud Abdel-Aal",M
EGY,Diving,"Diving Men's Springboard",,"Mohamed Abdel-El",M
EGY,Diving,"Diving Men's Synchronized Platform",,"Shaimaa Abdel-Latif-Hashad",F
EGY,Diving,"Diving Men's Synchronized Platform",,"Shaimaa Abdel-Latif-Hashad",F
EGY,Diving,"Diving Men's Synchronized Platform",,"Shaimaa Abdel-Latif-Hashad",F
SUD,Diving,"Diving Men's Synchronized Springboard",,"Sanad Bushara Abdel-Nadif",M
EGY,Diving,"Diving Women's Plain High",,"Ahmed Abdelaal",M
EGY,Diving,"Diving Women's Platform",,"Mahmoud Abdelaal",M
EGY,Diving,"Diving Women's Springboard",,"Mohamed Ali Abdelaal",M
EGY,Diving,"Diving Women's Synchronized Platform",,"Moustafa Abdelal",M
EGY,Diving,"Diving Women's Synchronized Platform",,"Moustafa Abdelal",M
EGY,Diving,"Diving Women's Synchronized Platform",,"Moustafa Abdelal",M
EGY,Diving,"Diving Women's Synchronized Platform",,"Moustafa Abdelal",M
EGY,Diving,"Diving Women's Synchronized Platform",,"Moustafa Abdelal",M
EGY,Diving,"Diving Women's Synchronized Platform",,"Moustafa Abdelal",M
EGY,Diving,"Diving Women's Synchronized Platform",,"Moustafa Abdelal",M
EGY,Diving,"Diving Women's Synchronized Platform",,"Moustafa Abdelal",M
EGY,Diving,"Diving Women's Synchronized Springboard",,"Mahmod Abdelaly",M
EGY,Equestrianism,"Equestrianism Men's Dressage, Individual",,"Ibrahim Ramadan Ibrahim Abdelbaki",M
EGY,Equestrianism,"Equestrianism Men's Dressage, Individual",,"Ibrahim Ramadan Ibrahim Abdelbaki",M
EGY,Equestrianism,"Equestrianism Men's Dressage, Team",,"Aziza Abdelfattah",F
SUD,Equestrianism,"Equestrianism Men's Jumping, Individual",,"Abdalla Abdelgadir El-Sheikh",M
EGY,Equestrianism,"Equestrianism Men's Jumping, Team",,"Magdi Abdelghani Sayed Ahmed",M
EGY,Equestrianism,"Equestrianism Men's Three-Day Event, Individual",,"Ragab Abdelhay Saad Abdelrazek Abdallah",M
EGY,Equestrianism,"Equestrianism Men's Three-Day Event, Individual",,"Ragab Abdelhay Saad Abdelrazek Abdallah",M
FRA,Equestrianism,"Equestrianism Men's Three-Day Event, Team",,"Ben Ahmed Abdelkrim",M
EGY,Equestrianism,"Equestrianism Men's Vaulting, Individual",,"Mohamed Abdellah",M
EGY,Equestrianism,"Equestrianism Men's Vaulting, Individual",,"Mohamed Abdellah",M
ALG,Equestrianism,"Equestrianism Men's Vaulting, Team",,"Ayoub Abdellaoui",M
EGY,Equestrianism,"Equestrianism Mixed Dressage, Individual",,"Leila Abdelmoez",F
EGY,Equestrianism,"Equestrianism Mixed Dressage, Team",,"Sayed Abdelmonem Sayed Hamed",M
EGY,Equestrianism,"Equestrianism Mixed Jumping, Individual",,"Ahmed Abdelrahman",M
EGY,Equestrianism,"Equestrianism Mixed Jumping, Team",,"Ihab Abdelrahman El-Sayed Abdelrahman",M
EGY,Equestrianism,"Equestrianism Mixed Three-Day Event, Individual",,"Raouf Abdelraouf",M
EGY,Equestrianism,"Equestrianism Mixed Three-Day Event, Individual",,"Raouf Abdelraouf",M
EGY,Equestrianism,"Equestrianism Mixed Three-Day Event, Individual",,"Raouf Abdelraouf",M
EGY,Equestrianism,"Equestrianism Mixed Three-Day Event, Individual",,"Raouf Abdelraouf",M
EGY,Equestrianism,"Equestrianism Mixed Three-Day Event, Individual",,"Raouf Abdelraouf",M
EGY,Equestrianism,"Equestrianism Mixed Three-Day Event, Team",,"Abouelfetoh Abdelrazek",M
EGY,Fencing,"Fencing Men's epee, Individual",,"Mamdouh Abdelrehim",M
ALG,Fencing,"Fencing Men's epee, Team",,"El-Hachemi Abdenouz",M
ALG,Fencing,"Fencing Men's Foil, Individual",,"Rda Abdenouz",M
ALG,Fencing,"Fencing Men's Foil, Individual",,"Rda Abdenouz",M
ALG,Fencing,"Fencing Men's Foil, Team",,"Mouni Abderrahim",F
ALG,Fencing,"Fencing Men's Foil, Team",,"Mouni Abderrahim",F
IRI,Fencing,"Fencing Men's Sabre, Individual",,"Saeid Morad Abdevali",M
BEL,Fencing,"Fencing Men's Sabre, Team",,"Bashir Abdi",M
BEL,Fencing,"Fencing Men's Sabre, Team",,"Bashir Abdi",M
AUS,Fencing,"Fencing Men's Single Sticks, Individual",,"Youcef Abdi",M
AUS,Fencing,"Fencing Men's Single Sticks, Individual",,"Youcef Abdi",M
QAT,Fencing,"Fencing Women's epee, Individual",,"Jamal Abdi Hassan Abdullah",M
QAT,Fencing,"Fencing Women's epee, Individual",,"Jamal Abdi Hassan Abdullah",M
DJI,Fencing,"Fencing Women's epee, Team",,"Talal Omar Abdillahi",M
DJI,Fencing,"Fencing Women's epee, Team",,"Talal Omar Abdillahi",M
EGY,Fencing,"Fencing Women's Foil, Individual",,"Mahmoud Ahmed Abdin",M
EGY,Fencing,"Fencing Women's Foil, Individual",,"Mahmoud Ahmed Abdin",M
EGY,Fencing,"Fencing Women's Foil, Individual",,"Mahmoud Ahmed Abdin",M
EGY,Fencing,"Fencing Women's Foil, Individual",,"Mahmoud Ahmed Abdin",M
EGY,Fencing,"Fencing Women's Foil, Individual",,"Mahmoud Ahmed Abdin",M
EGY,Fencing,"Fencing Women's Foil, Individual",,"Mahmoud Ahmed Abdin",M
EGY,Fencing,"Fencing Women's Foil, Individual",,"Mahmoud Ahmed Abdin",M
USA,Fencing,"Fencing Women's Foil, Team",,"Abdihakim "Abdi" Abdirahman",M
USA,Fencing,"Fencing Women's Foil, Team",,"Abdihakim "Abdi" Abdirahman",M
USA,Fencing,"Fencing Women's Foil, Team",,"Abdihakim "Abdi" Abdirahman",M
USA,Fencing,"Fencing Women's Foil, Team",,"Abdihakim "Abdi" Abdirahman",M
AUS,Fencing,"Fencing Women's Sabre, Individual",,"Ali Abdo",M
AUS,Fencing,"Fencing Women's Sabre, Individual",,"Ali Abdo",M
AUS,Fencing,"Fencing Women's Sabre, Individual",,"Ali Abdo",M
PLE,Fencing,"Fencing Women's Sabre, Team",,"Hamza Abdo",M
CAN,"Figure Skating","Figure Skating Men's Singles",,"Reema Abdo",F
CAN,"Figure Skating","Figure Skating Men's Singles",,"Reema Abdo",F
SUD,"Figure Skating","Figure Skating Men's Special Figures",,"Ahmed Abdo Mustafa",M
IRI,"Figure Skating","Figure Skating Mixed Pairs",,"Nasrollah Abdollahi",M
CMR,"Figure Skating","Figure Skating Women's Singles",,"Yhyacinthe Mewoli Abdon",M
COM,Football,"Football Men's Football",,"Hassane Abdou",M
CAN,Football,"Football Women's Football",,"Justin Abdou",M
EGY,Golf,"Golf Men's Individual",,"Moustafa Ahmed Ismail Abdou Ali Arfah",M
EGY,Golf,"Golf Men's Team",,"Raouf Abdou",M
EGY,Golf,"Golf Women's Individual",,"Mohamed Abdou El-Souad",M
EGY,Golf,"Golf Women's Individual",,"Mohamed Abdou El-Souad",M
EGY,Golf,"Golf Women's Individual",,"Mohamed Abdou El-Souad",M
EGY,Golf,"Golf Women's Individual",,"Mohamed Abdou El-Souad",M
CHA,Gymnastics,"Gymnastics Men's Club Swinging",,"Brahim Daoud Abdoulaye",M
CMR,Gymnastics,"Gymnastics Men's Floor Exercise",,"Fawziya Abdoulkarim",F
EGY,Gymnastics,"Gymnastics Men's Horizontal Bar",,"Alaa El-Din Abdoun",M
EGY,Gymnastics,"Gymnastics Men's Horse Vault",,"Ibrahim Abdrabbou",M
KAZ,Gymnastics,"Gymnastics Men's Individual All-Around",,"Berik Abdrakhmanov",M
BRU,Gymnastics,"Gymnastics Men's Individual All-Around, 4 Events",,"Maizurah Abdul Rahim",F
IRQ,Gymnastics,"Gymnastics Men's Individual All-Around, Apparatus Work",,"Mehdi Fahim Abdul Al-Sada",M
KUW,Gymnastics,"Gymnastics Men's Individual All-Around, Field Sports",,"Bashir Abdullah Abdul Aziz",M
MAS,Gymnastics,"Gymnastics Men's Parallel Bars",,"Chairil Anwar Abdul Aziz",M
MAS,Gymnastics,"Gymnastics Men's Parallel Bars",,"Chairil Anwar Abdul Aziz",M
EGY,Gymnastics,"Gymnastics Men's Pommelled Horse",,"Shaimaa Abdul Aziz",F
EGY,Gymnastics,"Gymnastics Men's Pommelled Horse",,"Shaimaa Abdul Aziz",F
EGY,Gymnastics,"Gymnastics Men's Pommelled Horse",,"Shaimaa Abdul Aziz",F
MAS,Gymnastics,"Gymnastics Men's Rings",,"Mohamed Abdul Hadj",M
BRU,Gymnastics,"Gymnastics Men's Rope Climbing",,"Jefri Kiko Bolkiah Abdul Hakeem",M
BRU,Gymnastics,"Gymnastics Men's Rope Climbing",,"Jefri Kiko Bolkiah Abdul Hakeem",M
SUD,Gymnastics,"Gymnastics Men's Side Horse",,"Mohamed Abdul Hamid",M
IND,Gymnastics,"Gymnastics Men's Team All-Around",,"S. Abdul Hamid",M
IND,Gymnastics,"Gymnastics Men's Team All-Around",,"S. Abdul Hamid",M
IRQ,Gymnastics,"Gymnastics Men's Team All-Around, Free System",,"Hadi Abdul Jabbar",M
IRQ,Gymnastics,"Gymnastics Men's Team All-Around, Free System",,"Hadi Abdul Jabbar",M
KSA,Gymnastics,"Gymnastics Men's Team All-Around, Swedish System",,"Mohamed Abed Abdul Jawad",M
SYR,Gymnastics,"Gymnastics Men's Tumbling",,"Anouar Abdul Kader",M
IRQ,Gymnastics,"Gymnastics Women's Balance Beam",,"Talal Hassoun Abdul Kader",M
KUW,Gymnastics,"Gymnastics Women's Floor Exercise",,"Abdul Aziz Hassan Al-Hadba Abdul Karim Abdul Kareem",M
KUW,Gymnastics,"Gymnastics Women's Floor Exercise",,"Abdul Aziz Hassan Al-Hadba Abdul Karim Abdul Kareem",M
IRQ,Gymnastics,"Gymnastics Women's Horse Vault",,"Taha Abdul Karim",M
QAT,Gymnastics,"Gymnastics Women's Individual All-Around",,"Masoud Abdul Khamis Al-Rahman",M
MDV,Gymnastics,"Gymnastics Women's Team All-Around",,"Abdul Haji Abdul Latheef",M
BRN,Gymnastics,"Gymnastics Women's Team Portable Apparatus",,"Fatima Abdul Majeed Hameed Al-Kirashi",F
KSA,Gymnastics,"Gymnastics Women's Uneven Bars",,"Majed Ahmed Abdul Mohamed",M
IRI,Handball,"Handball Men's Handball",,"Firouz Abdul Mohammadian",M
JOR,Handball,"Handball Women's Handball",,"Hussam Abdul Rahman",M
BRN,Hockey,"Hockey Men's Hockey",,"Mohamed Ghulom Abdul Rahman",M
ETH,Hockey,"Hockey Women's Hockey",,"Suleman Abdul Rahman",M
MAS,"Ice Hockey","Ice Hockey Men's Ice Hockey",,"Zambrose Abdul Rahman",M
IRQ,Judo,"Judo Men's Half-Heavyweight",,"Dana Abdul Razak (Hussain-)",F
IRQ,Judo,"Judo Men's Half-Heavyweight",,"Dana Abdul Razak (Hussain-)",F
IRQ,Judo,"Judo Men's Half-Lightweight",,"A. Abdul Razzak",M
IRQ,Judo,"Judo Men's Half-Lightweight",,"A. Abdul Razzak",M
IRQ,Judo,"Judo Men's Half-Middleweight",,"Mohamed Abdul Razzak",M
PAK,Judo,"Judo Men's Heavyweight",,"Muhammad Abdul Razzaq",M
IRQ,Judo,"Judo Men's Lightweight",,"Hazim Abdul Ridha",M
EGY,Judo,"Judo Men's Middleweight",,"Rauf Abdul Seoud",M
EGY,Judo,"Judo Men's Middleweight",,"Rauf Abdul Seoud",M
KSA,Judo,"Judo Men's Open Class",,"Samir Ahmed Abdul Shakour",M
UAE,Judo,"Judo Women's Extra-Lightweight",,"Nabil Abdul Tahlak",M
YAR,Judo,"Judo Women's Half-Heavyweight",,"Fahmi Ahmed Abdul Wahab Al-Tahri",M
KUW,Judo,"Judo Women's Half-Lightweight",,"Mohamed Abdul Wahab Al-Salah",M
KUW,Judo,"Judo Women's Half-Lightweight",,"Mohamed Abdul Wahab Al-Salah",M
PAK,Judo,"Judo Women's Half-Middleweight",,"Qazi Abdul Waheed",M
INA,Judo,"Judo Women's Heavyweight",,"Patmawati Abdul Wahid",F
IRQ,Judo,"Judo Women's Lightweight",,"Haidar Abdul-Amir Hassan",M
IRQ,Judo,"Judo Women's Middleweight",,"Haidar Abdul-Razzaq Hassan",M
NGR,Lacrosse,"Lacrosse Men's Lacrosse",,"Lawal Kolawole "Kola" Abdulai",M
NGR,Lacrosse,"Lacrosse Men's Lacrosse",,"Lawal Kolawole "Kola" Abdulai",M
NGR,Lacrosse,"Lacrosse Men's Lacrosse",,"Lawal Kolawole "Kola" Abdulai",M
NGR,Lacrosse,"Lacrosse Men's Lacrosse",,"Lawal Kolawole "Kola" Abdulai",M
CAN,"Modern Pentathlon","Modern Pentathlon Men's Individual",,"Rukayatu "Ruky" Abdulai",F
EGY,"Modern Pentathlon","Modern Pentathlon Men's Team",,"Mona Ahmad Abdulaziz Hassanein",F
PHI,Motorboating,"Motorboating Mixed A-Class (Open)",,"Roosevelt M. Abdulgafur",M
PHI,Motorboating,"Motorboating Mixed A-Class (Open)",,"Roosevelt M. Abdulgafur",M
PHI,Motorboating,"Motorboating Mixed A-Class (Open)",,"Roosevelt M. Abdulgafur",M
PHI,Motorboating,"Motorboating Mixed A-Class (Open)",,"Roosevelt M. Abdulgafur",M
PHI,Motorboating,"Motorboating Mixed A-Class (Open)",,"Roosevelt M. Abdulgafur",M
IRQ,Motorboating,"Motorboating Mixed B-Class (Under 60 Feet)",,"Ahmed Abdulkareem Ahmed",M
EGY,Motorboating,"Motorboating Mixed C-Class",,"Gamal Ahmed Abdulla",M
EGY,Polo,"Polo Men's Polo",,"Mohamed Sayed Abdulla",M
QAT,Racquets,"Racquets Men's Doubles",,"Ahmad Hassan Abdullah",M
EGY,Racquets,"Racquets Men's Singles",,"Ahmed Ghanim Abdullah",M
USA,"Rhythmic Gymnastics","Rhythmic Gymnastics Women's Group",,"Aquil Hashim Abdullah (Shumate-)",M
IRQ,"Rhythmic Gymnastics","Rhythmic Gymnastics Women's Individual",,"Atallah Abdullah",M
EGY,Roque,"Roque Men's Singles",,"Magdy Ahmed Abdullah",M
UAE,Rowing,"Rowing Men's Coxed Eights",,"Mohamed Abdullah",M
UAE,Rowing,"Rowing Men's Coxed Eights",,"Mohamed Abdullah",M
UAE,Rowing,"Rowing Men's Coxed Eights",,"Mohamed Abdullah",M
UAE,Rowing,"Rowing Men's Coxed Eights",,"Mohamed Abdullah",M
UAE,Rowing,"Rowing Men's Coxed Eights",,"Mohamed Abdullah",M
UAE,Rowing,"Rowing Men's Coxed Eights",,"Mohamed Abdullah",M
UAE,Rowing,"Rowing Men's Coxed Fours",,"Mohamed Samy Abdullah",M
IRQ,Rowing,"Rowing Men's Coxed Fours, Inriggers",,"Mohamed Abdullah",M
KUW,Rowing,"Rowing Men's Coxed Fours, Outriggers",,"Osama Abdullah",M
EGY,Rowing,"Rowing Men's Coxed Pairs",,"Tewfik Abdullah",M
MAS,Rowing,"Rowing Men's Coxless Fours",,"Wan Azlan Abdullah",M
MAS,Rowing,"Rowing Men's Coxless Fours",,"Wan Azlan Abdullah",M
MAS,Rowing,"Rowing Men's Coxless Fours",,"Wan Azlan Abdullah",M
MAS,Rowing,"Rowing Men's Coxless Fours",,"Wan Azlan Abdullah",M
SUD,Rowing,"Rowing Men's Double Sculls",,"Abdel Wahab Abdullah Salih",M
SUD,Rowing,"Rowing Men's Double Sculls",,"Abdel Wahab Abdullah Salih",M
NGR,Rowing,"Rowing Men's Lightweight Coxless Fours",,"Abubakar Sadiq Abdullahi",M
AZE,Rowing,"Rowing Men's Lightweight Double Sculls",,"Abdulqdir Abdullayev",M
AZE,Rowing,"Rowing Men's Quadruple Sculls",,"Arif Yadulla Abdullayev",M
AZE,Rowing,"Rowing Men's Quadruple Sculls",,"Arif Yadulla Abdullayev",M
UZB,Rowing,"Rowing Men's Single Sculls",,"Mukhammad Kadyr Abdullayev",M
UZB,Rowing,"Rowing Women's Coxed Eights",,"Muminzhon Abdullayev",M
UZB,Rowing,"Rowing Women's Coxed Eights",,"Muminzhon Abdullayev",M
AZE,Rowing,"Rowing Women's Coxed Fours",,"Namiq Yadulla Abdullayev",M
AZE,Rowing,"Rowing Women's Coxed Quadruple Sculls",,"Laye Abdullayeva",F
AZE,Rowing,"Rowing Women's Coxless Fours",,"lqar Abdulov",M
KUW,Rowing,"Rowing Women's Coxless Pairs",,"Abdullah Abdulrahman Zeyab",M
EGY,Rowing,"Rowing Women's Double Sculls",,"Abir Abdulrahman Khalil Mahmoud Khalil",F
EGY,Rowing,"Rowing Women's Double Sculls",,"Abir Abdulrahman Khalil Mahmoud Khalil",F
UAE,Rowing,"Rowing Women's Lightweight Double Sculls",,"Amer Abdulrahman Abdallah Hussain Al-Hammadi",M
UAE,Rowing,"Rowing Women's Quadruple Sculls",,"Omar Abdulrahman Ahmad Al-Raaqi Al-Amoudi",M
EGY,Rowing,"Rowing Women's Single Sculls",,"Shaza Yahia Nazih Abdulrahman El-Sayed",F
EGY,Rowing,"Rowing Women's Single Sculls",,"Shaza Yahia Nazih Abdulrahman El-Sayed",F
EGY,Rowing,"Rowing Women's Single Sculls",,"Shaza Yahia Nazih Abdulrahman El-Sayed",F
KUW,Rugby,"Rugby Men's Rugby",,"Najim Abdulrazak Al-Enazy",M
KUW,"Rugby Sevens","Rugby Sevens Men's Rugby Sevens",,"Zeyad Abdulrazak Al-Khudhur Al-Enazy",M
KUW,"Rugby Sevens","Rugby Sevens Men's Rugby Sevens",,"Zeyad Abdulrazak Al-Khudhur Al-Enazy",M
IRQ,"Rugby Sevens","Rugby Sevens Women's Rugby Sevens",,"Waheed Abdulridha Waheed Karaawi",M
EGY,Sailing,"Sailing Men's One Person Dinghy",,"Mohamed Abdultwab Ibrahim Abd El-Baki",M
EGY,Sailing,"Sailing Men's One Person Dinghy",,"Mohamed Abdultwab Ibrahim Abd El-Baki",M
UZB,Sailing,"Sailing Men's Skiff",,"Sherzod Abdurahmonov",M
KGZ,Sailing,"Sailing Men's Two Person Dinghy",,"Rasul Abduraim",M
KGZ,Sailing,"Sailing Men's Two Person Dinghy",,"Rasul Abduraim",M
UZB,Sailing,"Sailing Men's Two Person Keelboat",,"Bekzod Makhamadzhonovich Abdurakhmonov",M
TJK,Sailing,"Sailing Men's Windsurfer",,"Mukhamadmurod Abdurakhmonov",M
RUS,Sailing,"Sailing Mixed 10 metres",,"Adlan Aliyevich Abdurashidov",M
TJK,Sailing,"Sailing Mixed 12 foot",,"Yusup Abdusalomov",M
TJK,Sailing,"Sailing Mixed 12 foot",,"Yusup Abdusalomov",M
LBA,Sailing,"Sailing Mixed 12 metres",,"Fawzi Abdussalam",M
UZB,Sailing,"Sailing Mixed 18 foot",,"Andrey Khakimovich Abduvaliyev",M
URS,Sailing,"Sailing Mixed 30 metres",,"Dzhamolidin Mirgarifanovich Abduzhaparov",M
UZB,Sailing,"Sailing Mixed 30 metres",,"Dzhamolidin Mirgarifanovich Abduzhaparov",M
KGZ,Sailing,"Sailing Mixed 40 metres",,"Aybek Abdymomunov",M
JPN,Sailing,"Sailing Mixed 5.5 metres",,"Isao Ko Abe",M
JPN,Sailing,"Sailing Mixed 6.5 metres",,"Kazuo Abe",M
JPN,Sailing,"Sailing Mixed 7 metres",,"Kinya Abe",M
JPN,Sailing,"Sailing Mixed 8 metres",,"Kiyoshi Abe",M
JPN,Sailing,"Sailing Mixed One Person Dinghy",,"Naoki Abe",M
JPN,Sailing,"Sailing Mixed One Person Dinghy",,"Naoki Abe",M
JPN,Sailing,"Sailing Mixed Skiff",,"Osamu Abe",M
JPN,Sailing,"Sailing Mixed Three Person Keelboat",,"Shigeaki Abe",M
JPN,Sailing,"Sailing Mixed Three Person Keelboat",,"Shigeaki Abe",M
JPN,Sailing,"Sailing Mixed Two Person Dinghy",,"Shinnosuke Abe",M
JPN,Sailing,"Sailing Mixed Two Person Dinghy",,"Shinnosuke Abe",M
JPN,Sailing,"Sailing Mixed Two Person Heavyweight Dinghy",,"Sanshiro "Sonny" Abe",M
JPN,Sailing,"Sailing Mixed Two Person Keelboat",,"Tadashi Abe",M
JPN,Sailing,"Sailing Mixed Two Person Keelboat",,"Tadashi Abe",M
JPN,Sailing,"Sailing Mixed Two Person Keelboat",,"Tadashi Abe",M
JPN,Sailing,"Sailing Mixed Windsurfer",,"Tadatoshi Abe",M
JPN,Sailing,"Sailing Women's One Person Dinghy",,"Wakako Abe",F
JPN,Sailing,"Sailing Women's Skiff",,"Yoshiyuki Abe",M
JPN,Sailing,"Sailing Women's Three Person Keelboat",,"Yuki Abe",M
CGO,Sailing,"Sailing Women's Two Person Dinghy",,"Angelik Abebame",F
ETH,Sailing,"Sailing Women's Windsurfer",,"Addis Abebe",M
ETH,Shooting,"Shooting Men's Air Pistol, 10 metres",,"Biruk Abebe",M
ETH,Shooting,"Shooting Men's Air Pistol, 10 metres",,"Biruk Abebe",M
ALG,Shooting,"Shooting Men's Air Rifle, 10 metres",,"Benaissa Abed",M
EGY,Shooting,"Shooting Men's Double Trap",,"Soha Abed Elaal",F
IRI,Shooting,"Shooting Men's Dueling Pistol, 30 metres",,"Mojtaba Abedini Shormasti",M
IRI,Shooting,"Shooting Men's Dueling Pistol, 30 metres",,"Mojtaba Abedini Shormasti",M
CMR,Shooting,"Shooting Men's Dueling Pistol, 30 metres, Team",,"Thophile Abega Mbida",M
SUI,Shooting,"Shooting Men's Free Pistol, 50 metres",,"Max "Xam" Abegglen",M
BRA,Shooting,"Shooting Men's Free Pistol, 50 metres, Team",,"Alexandre Abeid",M
BRA,Shooting,"Shooting Men's Free Pistol, 50 metres, Team",,"Alexandre Abeid",M
ESP,Shooting,"Shooting Men's Free Pistol, 50 yards",,"Sonia Abejn Esteban",F
BRA,Shooting,"Shooting Men's Free Pistol, 50 yards, Team",,"Abel Carlos da Silva Braga",M
GER,Shooting,"Shooting Men's Free Rifle, 1,000 Yards",,"Adolf Gaston Abel",M
GER,Shooting,"Shooting Men's Free Rifle, 1,000 Yards",,"Adolf Gaston Abel",M
USA,Shooting,"Shooting Men's Free Rifle, 400, 600 and 800 metres, Team",,"Brooke Abel",F
GDR,Shooting,"Shooting Men's Military Pistol, 30 metres",,"Irene Abel",F
GDR,Shooting,"Shooting Men's Military Pistol, 30 metres",,"Irene Abel",F
GDR,Shooting,"Shooting Men's Military Pistol, 30 metres",,"Irene Abel",F
GDR,Shooting,"Shooting Men's Military Pistol, 30 metres",,"Irene Abel",F
GDR,Shooting,"Shooting Men's Military Pistol, 30 metres",,"Irene Abel",F
CAN,Shooting,"Shooting Men's Military Pistol, Team",,"Jennifer Abel",F
CAN,Shooting,"Shooting Men's Military Pistol, Team",,"Jennifer Abel",F
CAN,Shooting,"Shooting Men's Military Pistol, Team",,"Jennifer Abel",F
CAN,Shooting,"Shooting Men's Military Pistol, Team",,"Jennifer Abel",F
GER,Shooting,"Shooting Men's Military Rifle, 200, 400, 500 and 600 metres, Team",,"Katja Abel",F
GER,Shooting,"Shooting Men's Military Rifle, 200, 400, 500 and 600 metres, Team",,"Katja Abel",F
GER,Shooting,"Shooting Men's Military Rifle, 200, 400, 500 and 600 metres, Team",,"Katja Abel",F
GER,Shooting,"Shooting Men's Military Rifle, 200, 400, 500 and 600 metres, Team",,"Katja Abel",F
GER,Shooting,"Shooting Men's Military Rifle, 200, 400, 500 and 600 metres, Team",,"Katja Abel",F
ESP,Shooting,"Shooting Men's Military Rifle, 200/500/600/800/900/1,000 Yards, Team",,"Mara Abel Diguez",F
ESP,Shooting,"Shooting Men's Military Rifle, 200/500/600/800/900/1,000 Yards, Team",,"Mara Abel Diguez",F
MON,Shooting,"Shooting Men's Military Rifle, 300 metres and 600 metres, Prone, Team",,"Roger Abel",M
MON,Shooting,"Shooting Men's Military Rifle, 300 metres and 600 metres, Prone, Team",,"Roger Abel",M
MON,Shooting,"Shooting Men's Military Rifle, 300 metres and 600 metres, Prone, Team",,"Roger Abel",M
MON,Shooting,"Shooting Men's Military Rifle, 300 metres and 600 metres, Prone, Team",,"Roger Abel",M
MON,Shooting,"Shooting Men's Military Rifle, 300 metres and 600 metres, Prone, Team",,"Roger Abel",M
MON,Shooting,"Shooting Men's Military Rifle, 300 metres and 600 metres, Prone, Team",,"Roger Abel",M
CUB,Shooting,"Shooting Men's Military Rifle, Prone, 300 metres",,"Yaritza Abel Rojas",F
GER,Shooting,"Shooting Men's Military Rifle, Prone, 600 metres",,"Arthur Abele",M
GER,Shooting,"Shooting Men's Military Rifle, Prone, 600 metres",,"Arthur Abele",M
ISR,Shooting,"Shooting Men's Military Rifle, Prone, 600 metres, Team",,"Ruth Abeles",F
ISR,Shooting,"Shooting Men's Military Rifle, Prone, 600 metres, Team",,"Ruth Abeles",F
ISR,Shooting,"Shooting Men's Military Rifle, Prone, 600 metres, Team",,"Ruth Abeles",F
ISR,Shooting,"Shooting Men's Military Rifle, Prone, 600 metres, Team",,"Ruth Abeles",F
ISR,Shooting,"Shooting Men's Military Rifle, Prone, 600 metres, Team",,"Ruth Abeles",F
MEX,Shooting,"Shooting Men's Military Rifle, Standing, 300 metres, Team",,"Jos Javier Abella Fanjul",M
URU,Shooting,"Shooting Men's Military Rifle, Three Positions, 300 metres",,"Ramn Neptuno Abella Caside",M
ESP,Shooting,"Shooting Men's Running Target, 10 metres",,"Alfonso Abelln Lpez",M
ESP,Shooting,"Shooting Men's Running Target, 50 metres",,"Juan Luis Abelln Pallahi",M
CMR,Shooting,"Shooting Men's Running Target, Double Shot",,"Edwige Marie Abna Fouda",F
ETH,Shooting,"Shooting Men's Running Target, Single And Double Shot",,"Tesfaye Abera Dibaba",M
ARG,Shooting,"Shooting Men's Running Target, Single Shot",,"Hugo Ral Aberastegui",M
ARG,Shooting,"Shooting Men's Running Target, Single Shot",,"Hugo Ral Aberastegui",M
ARG,Shooting,"Shooting Men's Running Target, Single Shot",,"Hugo Ral Aberastegui",M
SWE,Shooting,"Shooting Men's Running Target, Single Shot, Team",,"Arvid berg",M
SWE,Shooting,"Shooting Men's Small-Bore Rifle, 50 and 100 yards, Team",,"Sara Helena berg",F
FIN,Shooting,"Shooting Men's Small-Bore Rifle, Any Position, 50 metres",,"Karl Konrad berg",M
SWE,Shooting,"Shooting Men's Small-Bore Rifle, Disappearing Target, 25 metres",,"Majken berg",F
SWE,Shooting,"Shooting Men's Small-Bore Rifle, Disappearing Target, 25 metres, Team",,"Olof Viktor "Olle" berg",M
MAR,Shooting,"Shooting Men's Small-Bore Rifle, Disappearing Target, 25 yards",,"Mohamed Aberhoune",M
RSA,Shooting,"Shooting Men's Small-Bore Rifle, Prone, 50 metres",,"Moira Abernethy (-Ford)",F
ALG,Shooting,"Shooting Men's Small-Bore Rifle, Prone, 50 metres, Team",,"Salim Abes",M
ITA,Shooting,"Shooting Men's Small-Bore Rifle, Three Positions, 50 metres",,"Pasqualino Abeti",M
TUR,Shooting,"Shooting Men's Trap",,"Elvan Abeylegesse",F
TUR,Shooting,"Shooting Men's Trap",,"Elvan Abeylegesse",F
TUR,Shooting,"Shooting Men's Trap",,"Elvan Abeylegesse",F
SRI,Shooting,"Shooting Men's Trap, Team",,"Ruwani Abeymanne",F
SRI,Shooting,"Shooting Men's Trap, Team",,"Ruwani Abeymanne",F
SRI,Shooting,"Shooting Men's Unknown Event",,"Matthew Duncan Abeysinghe",M
ARM,Shooting,"Shooting Mixed Free Pistol, 50 metres",,"Narek Abgaryan",M
CIV,Shooting,"Shooting Mixed Free Rifle, Three Positions, 300 metres",,"Koutoua Francis Abia",M
CIV,Shooting,"Shooting Mixed Free Rifle, Three Positions, 300 metres",,"Koutoua Francis Abia",M
CIV,Shooting,"Shooting Mixed Free Rifle, Three Positions, 300 metres",,"Koutoua Francis Abia",M
CIV,Shooting,"Shooting Mixed Free Rifle, Three Positions, 300 metres",,"Koutoua Francis Abia",M
ESP,Shooting,"Shooting Mixed Rapid-Fire Pistol, 25 metres",,"Pablo Abin Vicen",M
ESP,Shooting,"Shooting Mixed Rapid-Fire Pistol, 25 metres",,"Pablo Abin Vicen",M
ESP,Shooting,"Shooting Mixed Rapid-Fire Pistol, 25 metres",,"Pablo Abin Vicen",M
FRA,Shooting,"Shooting Mixed Running Target, 50 metres",,"David Abibssira",M
GDR,Shooting,"Shooting Mixed Skeet",,"Silke Abicht",F
TUN,Shooting,"Shooting Mixed Small-Bore Rifle, Prone, 50 metres",,"Haithem Abid",M
IRQ,Shooting,"Shooting Mixed Small-Bore Rifle, Three Positions, 50 metres",,"Younis Abid Sadkhan",M
NGR,Shooting,"Shooting Mixed Trap",,"Jaiye Abidoye",M
NGR,Shooting,"Shooting Mixed Trap",,"Jaiye Abidoye",M
KAZ,Shooting,"Shooting Women's Air Pistol, 10 metres",,"Sagat Abikeyeva",F
JPN,Shooting,"Shooting Women's Air Rifle, 10 metres",,"Mitsuhiro Abiko",M
JPN,Shooting,"Shooting Women's Double Trap",,"Tomomi Abiko",F
KEN,Shooting,"Shooting Women's Skeet",,"Catherine "Kate" Abilla Awino",F
BUL,Shooting,"Shooting Women's Small-Bore Rifle, Three Positions, 50 metres",,"Ismail Abilov (-Nizamolu)",M
FRA,Shooting,"Shooting Women's Sporting Pistol, 25 metres",,"Camille Anne Franoise Abily",F
FRA,Shooting,"Shooting Women's Sporting Pistol, 25 metres",,"Camille Anne Franoise Abily",F
NGR,Shooting,"Shooting Women's Trap",,"Endurance Abinuwa",F
NGR,Softball,"Softball Women's Softball",,"Bode Abiodun",M
BEN,Swimming,"Swimming Men's 1,500 metres Freestyle",,"Firmin Abissi",M
BEN,Swimming,"Swimming Men's 1,500 metres Freestyle",,"Firmin Abissi",M
RUS,Swimming,"Swimming Men's 100 metres Backstroke",,"Inga Eduardovna Abitova",F
AZE,Swimming,"Swimming Men's 100 metres Breaststroke",,"Ceyhun Abiyev",M
BRA,Swimming,"Swimming Men's 100 metres Butterfly",,"Diana Monteiro Abla",F
GBR,Swimming,"Swimming Men's 100 Yard Backstroke",,"Leslie Ablett",M
GBR,Swimming,"Swimming Men's 100 Yard Backstroke",,"Leslie Ablett",M
RUS,Swimming,"Swimming Men's 200 metres Backstroke",,"Denis Mikhaylovich Ablyazin",M
RUS,Swimming,"Swimming Men's 200 metres Backstroke",,"Denis Mikhaylovich Ablyazin",M
RUS,Swimming,"Swimming Men's 200 metres Backstroke",,"Denis Mikhaylovich Ablyazin",M
RUS,Swimming,"Swimming Men's 200 metres Backstroke",,"Denis Mikhaylovich Ablyazin",M
RUS,Swimming,"Swimming Men's 200 metres Backstroke",,"Denis Mikhaylovich Ablyazin",M
NED,Swimming,"Swimming Men's 200 metres Breaststroke",,"Karin Abma",F
CMR,Swimming,"Swimming Men's 200 metres Butterfly",,"Thorine Christelle Aboa Mbeza",F
GHA,Swimming,"Swimming Men's 200 metres Freestyle",,"Felix Ahmed Aboagye",M
NGR,Swimming,"Swimming Men's 200 metres Individual Medley",,"Bukola Dammy Abogunloko",F
URS,Swimming,"Swimming Men's 220 yard Freestyle",,"Viktor Andreyevich Aboimov",M
URS,Swimming,"Swimming Men's 220 yard Freestyle",,"Viktor Andreyevich Aboimov",M
SOM,Swimming,"Swimming Men's 4 x 100 metres Freestyle Relay",,"Mohamed Aboker",M
SOM,Swimming,"Swimming Men's 4 x 100 metres Freestyle Relay",,"Mohamed Aboker",M
MDV,Swimming,"Swimming Men's 4 x 50 Yard Freestyle Relay",,"Abdul Razzak Aboobakur",M
AUS,Swimming,"Swimming Men's 400 metres Breaststroke",,"Matthew "Matt" Abood",M
CMR,Swimming,"Swimming Men's 400 metres Individual Medley",,"Jean-Pierre Abossolo-Ze",M
CMR,Swimming,"Swimming Men's 400 metres Individual Medley",,"Jean-Pierre Abossolo-Ze",M
EGY,Swimming,"Swimming Men's 440 Yard Breaststroke",,"Abdelhalim Muhammad Abou",M
LIB,Swimming,"Swimming Men's 440 yard Freestyle",,"Tarek Abou Al Dahab",M
LIB,Swimming,"Swimming Men's 440 yard Freestyle",,"Tarek Abou Al Dahab",M
LIB,Swimming,"Swimming Men's 440 yard Freestyle",,"Tarek Abou Al Dahab",M
LIB,Swimming,"Swimming Men's 440 yard Freestyle",,"Tarek Abou Al Dahab",M
LIB,Swimming,"Swimming Men's 440 yard Freestyle",,"Tarek Abou Al Dahab",M
LIB,Swimming,"Swimming Men's 440 yard Freestyle",,"Tarek Abou Al Dahab",M
LIB,Swimming,"Swimming Men's 50 metres Freestyle",,"Bachir Hani Abou Assi",M
EGY,Swimming,"Swimming Men's 50 yard Freestyle",,"Ashraf Abou El-Hassan",M
EGY,Swimming,"Swimming Men's 50 yard Freestyle",,"Ashraf Abou El-Hassan",M
EGY,Swimming,"Swimming Men's 50 yard Freestyle",,"Ashraf Abou El-Hassan",M
EGY,Swimming,"Swimming Men's 880 yard Freestyle",,"Galal El-Din Abdel Meguid Abou El-Kheir",M
EGY,Swimming,"Swimming Men's One Mile Freestyle",,"Magdy Abou El-Magd",M
EGY,Swimming,"Swimming Men's Plunge For Distance",,"Essameldin Abou El-Nein",M
EGY,Swimming,"Swimming Women's 10 kilometres Open Water",,"Abdel Khlik Abou El-Yazi",M
EGY,Swimming,"Swimming Women's 100 metres Backstroke",,"Mohamed Moustafa Abou Elea",M
EGY,Swimming,"Swimming Women's 100 metres Breaststroke",,"Mahmoud Abou Elelaa",M
EGY,Swimming,"Swimming Women's 100 metres Butterfly",,"Mohammed Tawfiq Abou Habaga",M
SYR,Swimming,"Swimming Women's 100 metres Freestyle",,"Zaid Abou Hamed",M
EGY,Swimming,"Swimming Women's 200 metres Backstroke",,"Youssef Kamel Mohamed Abou Ouf",M
EGY,Swimming,"Swimming Women's 200 metres Backstroke",,"Youssef Kamel Mohamed Abou Ouf",M
EGY,Swimming,"Swimming Women's 200 metres Breaststroke",,"Gaber Mooti Abou Zeid",M
EGY,Swimming,"Swimming Women's 200 metres Breaststroke",,"Gaber Mooti Abou Zeid",M
EGY,Swimming,"Swimming Women's 200 metres Butterfly",,"Taher Abou Zeid Sayid Amer",M
EGY,Swimming,"Swimming Women's 200 metres Freestyle",,"Ahmed Farid Abou-Shadi",M
EGY,Swimming,"Swimming Women's 200 metres Freestyle",,"Ahmed Farid Abou-Shadi",M
EGY,Swimming,"Swimming Women's 200 metres Freestyle",,"Ahmed Farid Abou-Shadi",M
EGY,Swimming,"Swimming Women's 200 metres Freestyle",,"Ahmed Farid Abou-Shadi",M
UAR,Swimming,"Swimming Women's 200 metres Individual Medley",,"Abdel Fattah Abou-Shanab",M
EGY,Swimming,"Swimming Women's 200 metres Individual Medley",,"Abdel Fattah Abou-Shanab",M
IRQ,Swimming,"Swimming Women's 300 metres Freestyle",,"Sadoon Mohamed Aboub",M
MAR,Swimming,"Swimming Women's 4 x 100 metres Freestyle Relay",,"Zakaria Aboub",M
NIG,Swimming,"Swimming Women's 4 x 100 metres Medley Relay",,"Inni Aboubacar",M
QAT,Swimming,"Swimming Women's 4 x 200 metres Freestyle Relay",,"Ibrahim Mohamedin Aboubaker",M
QAT,Swimming,"Swimming Women's 4 x 200 metres Freestyle Relay",,"Ibrahim Mohamedin Aboubaker",M
IRQ,Swimming,"Swimming Women's 400 metres Freestyle",,"Ahmed Ghmin Aboud",M
LBA,Swimming,"Swimming Women's 400 metres Individual Medley",,"Fathi Khalifa Aboud",M
ALG,Swimming,"Swimming Women's 50 metres Freestyle",,"Kamel Aboud",M
IRQ,Swimming,"Swimming Women's 800 metres Freestyle",,"Marwan Suhail Aboud",M
ALG,"Synchronized Swimming","Synchronized Swimming Women's Duet",,"Rabah Aboud",M
EGY,"Synchronized Swimming","Synchronized Swimming Women's Solo",,"Mamdouh Taha Al-Husseini Abouebaid",M
EGY,"Synchronized Swimming","Synchronized Swimming Women's Team",,"Alaaeldin Ahmad El-Sayyid Abouelkassem",M
EGY,"Synchronized Swimming","Synchronized Swimming Women's Team",,"Alaaeldin Ahmad El-Sayyid Abouelkassem",M
EGY,"Synchronized Swimming","Synchronized Swimming Women's Team",,"Alaaeldin Ahmad El-Sayyid Abouelkassem",M
EGY,"Table Tennis","Table Tennis Men's Doubles",,"Haysam Farouk Abouelw",M
EGY,"Table Tennis","Table Tennis Men's Singles",,"Waguih Rauf Aboul Seoud",M
EGY,"Table Tennis","Table Tennis Men's Team",,"El-Sayed Aboumedan",M
MLI,"Table Tennis","Table Tennis Women's Singles",,"Sdonoud Janvier Abouta",M
EGY,"Table Tennis","Table Tennis Women's Team",,"Mohamed Mohamed Mohamed Aboutrika",M
AFG,Taekwondo,"Taekwondo Men's Featherweight",,"Ahmad Shah Abouwi",M
NGR,Taekwondo,"Taekwondo Men's Flyweight",,"Adeola Aboyade-Cole",M
USA,Taekwondo,"Taekwondo Men's Heavyweight",,"Cheryl Abplanalp",F
GER,Taekwondo,"Taekwondo Men's Welterweight",,"Alexander "Alex" Abraham (Steglitz)",M
ROU,Taekwondo,"Taekwondo Women's Featherweight",,"Andrei Abraham",M
ROU,Taekwondo,"Taekwondo Women's Featherweight",,"Andrei Abraham",M
ROU,Taekwondo,"Taekwondo Women's Featherweight",,"Andrei Abraham",M
ROU,Taekwondo,"Taekwondo Women's Featherweight",,"Andrei Abraham",M
ROU,Taekwondo,"Taekwondo Women's Featherweight",,"Andrei Abraham",M
ROU,Taekwondo,"Taekwondo Women's Featherweight",,"Andrei Abraham",M
ROU,Taekwondo,"Taekwondo Women's Featherweight",,"Andrei Abraham",M
ROU,Taekwondo,"Taekwondo Women's Featherweight",,"Andrei Abraham",M
GBR,Taekwondo,"Taekwondo Women's Welterweight",,"Gary Abraham",M
GBR,Taekwondo,"Taekwondo Women's Welterweight",,"Gary Abraham",M
GBR,Taekwondo,"Taekwondo Women's Welterweight",,"Gary Abraham",M
GBR,Taekwondo,"Taekwondo Women's Welterweight",,"Gary Abraham",M
CHI,Tennis,"Tennis Men's Doubles",,"Melita Isidora Abraham Schssler",F
SUI,Tennis,"Tennis Men's Doubles, Covered Courts",,"Tadesse Abraham",M
IND,Tennis,"Tennis Men's Singles",,"Shiny Kurisingal Abraham-Wilson",F
IND,Tennis,"Tennis Men's Singles",,"Shiny Kurisingal Abraham-Wilson",F
IND,Tennis,"Tennis Men's Singles",,"Shiny Kurisingal Abraham-Wilson",F
IND,Tennis,"Tennis Men's Singles",,"Shiny Kurisingal Abraham-Wilson",F
IND,Tennis,"Tennis Men's Singles",,"Shiny Kurisingal Abraham-Wilson",F
IND,Tennis,"Tennis Men's Singles",,"Shiny Kurisingal Abraham-Wilson",F
POL,Tennis,"Tennis Men's Singles, Covered Courts",,"Mariola Teresa Abrahamczyk (-Fronckowiak)",F
SWE,Tennis,"Tennis Mixed Doubles",,"Ara Abrahamian",M
SWE,Tennis,"Tennis Mixed Doubles",,"Ara Abrahamian",M
FRA,Tennis,"Tennis Mixed Doubles, Covered Courts",,"Stphan Abrahamian Gonzalez",M
RSA,Tennis,"Tennis Women's Doubles",,"Clyde Abrahams",M
CRC,Tennis,"Tennis Women's Singles",,"Glen Abrahams Martnez",M
CRC,Tennis,"Tennis Women's Singles",,"Glen Abrahams Martnez",M
PAN,Tennis,"Tennis Women's Singles, Covered Courts",,"Guy A. Abrahams",M
PAN,Tennis,"Tennis Women's Singles, Covered Courts",,"Guy A. Abrahams",M
GBR,Trampolining,"Trampolining Men's Individual",,"Harold Maurice Abrahams",M
GBR,Trampolining,"Trampolining Men's Individual",,"Harold Maurice Abrahams",M
GBR,Trampolining,"Trampolining Men's Individual",,"Harold Maurice Abrahams",M
GBR,Trampolining,"Trampolining Men's Individual",,"Harold Maurice Abrahams",M
GBR,Trampolining,"Trampolining Men's Individual",,"Harold Maurice Abrahams",M
GBR,Trampolining,"Trampolining Women's Individual",,"Sidney Solomon Abrahams",M
USA,Volleyball,"Volleyball Men's Volleyball",,"Donald Robert Abrahamson, Jr.",M
USA,Volleyball,"Volleyball Women's Volleyball",,"Richard Neal Abrahamson",M
USA,Volleyball,"Volleyball Women's Volleyball",,"Richard Neal Abrahamson",M
SWE,Weightlifting,"Weightlifting Men's All-Around Dumbbell Contest",,"Karl Gran Abrahamsson",M
SWE,Weightlifting,"Weightlifting Men's All-Around Dumbbell Contest",,"Karl Gran Abrahamsson",M
SWE,Weightlifting,"Weightlifting Men's All-Around Dumbbell Contest",,"Karl Gran Abrahamsson",M
SWE,Weightlifting,"Weightlifting Men's All-Around Dumbbell Contest",,"Karl Gran Abrahamsson",M
SWE,Weightlifting,"Weightlifting Men's All-Around Dumbbell Contest",,"Karl Gran Abrahamsson",M
USA,Weightlifting,"Weightlifting Men's Flyweight",,"Fletcher Abram, Jr.",M
BLR,Weightlifting,"Weightlifting Men's Heavyweight I",,"Yelena Vasilyevna Abramchuk (Kopets-)",F
MAR,Weightlifting,"Weightlifting Men's Lightweight",,"Lahcen Abrami",M
GEO,Weightlifting,"Weightlifting Men's Middle-Heavyweight",,"Ek'aterina Abramia",F
SLO,Weightlifting,"Weightlifting Men's Middleweight",,"Jernej Abrami",M
URS,Weightlifting,"Weightlifting Men's Unlimited, Two Hands",,"Andrey Vasilyevich Abramov",M
RUS,Weightlifting,"Weightlifting Women's Featherweight",,"Andrey Viktorovich Abramov",M
RUS,Weightlifting,"Weightlifting Women's Featherweight",,"Andrey Viktorovich Abramov",M
URS,Weightlifting,"Weightlifting Women's Flyweight",,"Nikolay Kuzmich Abramov",M
URS,Weightlifting,"Weightlifting Women's Lightweight",,"Valery Aleksandrovich Abramov",M
URS,Weightlifting,"Weightlifting Women's Middleweight",,"Inna Vladimirovna Abramova",F
URS,Weightlifting,"Weightlifting Women's Middleweight",,"Inna Vladimirovna Abramova",F
GUY,Wrestling,"Wrestling Men's Featherweight, Greco-Roman",,"Aliyah Abrams",F
GUY,Wrestling,"Wrestling Men's Flyweight, Freestyle",,"Colin Winston Abrams",M
NZL,Wrestling,"Wrestling Men's Flyweight, Greco-Roman",,"John Charles Abrams",M
NZL,Wrestling,"Wrestling Men's Flyweight, Greco-Roman",,"John Charles Abrams",M
GEO,Wrestling,"Wrestling Men's Heavyweight, Freestyle",,"Benik Abramyan",M
POR,Wrestling,"Wrestling Men's Heavyweight, Greco-Roman",,"Antnio da Cunha Meneses Martins Abrantes",M
POR,Wrestling,"Wrestling Men's Heavyweight, Greco-Roman",,"Antnio da Cunha Meneses Martins Abrantes",M
POR,Wrestling,"Wrestling Men's Heavyweight, Greco-Roman",,"Antnio da Cunha Meneses Martins Abrantes",M
POR,Wrestling,"Wrestling Men's Heavyweight, Greco-Roman",,"Antnio da Cunha Meneses Martins Abrantes",M
POR,Wrestling,"Wrestling Men's Light-Flyweight, Freestyle",,"Arnaldo Lus Isaas Abrantes",M
POR,Wrestling,"Wrestling Men's Light-Flyweight, Freestyle",,"Arnaldo Lus Isaas Abrantes",M
POR,Wrestling,"Wrestling Men's Light-Flyweight, Greco-Roman",,"Arnaldo Joaquim Castro Abrantes",M
FRA,Wrestling,"Wrestling Men's Light-Heavyweight, Freestyle",,"David Abrard",M
SUI,Wrestling,"Wrestling Men's Lightweight, Freestyle",,"Amir Abrashi",M
POR,Wrestling,"Wrestling Men's Middleweight B, Greco-Roman",,"Diogo Ferreira Tribolet de Abreu",M
CUB,Wrestling,"Wrestling Men's Middleweight, Freestyle",,"Eloy Abreu Morales",M
BRA,Wrestling,"Wrestling Men's Middleweight, Greco-Roman",,"Glauclio Serro Abreu",M
POR,Wrestling,"Wrestling Men's Super-Heavyweight, Freestyle",,"Jos Filipe Abreu",M
POR,Wrestling,"Wrestling Men's Super-Heavyweight, Freestyle",,"Jos Filipe Abreu",M
POR,Wrestling,"Wrestling Men's Super-Heavyweight, Freestyle",,"Jos Filipe Abreu",M
POR,Wrestling,"Wrestling Men's Super-Heavyweight, Freestyle",,"Jos Filipe Abreu",M
POR,Wrestling,"Wrestling Men's Super-Heavyweight, Freestyle",,"Jos Filipe Abreu",M
POR,Wrestling,"Wrestling Men's Super-Heavyweight, Freestyle",,"Jos Filipe Abreu",M
POR,Wrestling,"Wrestling Men's Super-Heavyweight, Freestyle",,"Jos Filipe Abreu",M
PAR,Wrestling,"Wrestling Men's Super-Heavyweight, Greco-Roman",,"Emilio Julio Abreu",M
PAR,Wrestling,"Wrestling Men's Super-Heavyweight, Greco-Roman",,"Emilio Julio Abreu",M
PAR,Wrestling,"Wrestling Men's Super-Heavyweight, Greco-Roman",,"Emilio Julio Abreu",M
ANG,Wrestling,"Wrestling Men's Welterweight, Freestyle",,"Morais Santos Abreu",M
BRA,Wrestling,"Wrestling Men's Welterweight, Greco-Roman",,"Paulo Francisco Joazeiro de Abreu",M
CUB,Wrestling,"Wrestling Women's Featherweight, Freestyle",,"Pedro Abreu Pascal",M
VEN,Wrestling,"Wrestling Women's Flyweight, Freestyle",,"Rubn Abreu Rivero",M
POR,Wrestling,"Wrestling Women's Heavyweight, Freestyle",,"Rui Pinto de Abreu",M
POR,Wrestling,"Wrestling Women's Heavyweight, Freestyle",,"Rui Pinto de Abreu",M
POR,Wrestling,"Wrestling Women's Heavyweight, Freestyle",,"Rui Pinto de Abreu",M
POR,Wrestling,"Wrestling Women's Heavyweight, Freestyle",,"Rui Pinto de Abreu",M
POR,Wrestling,"Wrestling Women's Heavyweight, Freestyle",,"Rui Pinto de Abreu",M
FRA,Wrestling,"Wrestling Women's Light-Heavyweight, Freestyle",,"Franck Abrial",M
COL,Wrestling,"Wrestling Women's Lightweight, Freestyle",,"rika Abril Surez",F
COL,Wrestling,"Wrestling Women's Lightweight, Freestyle",,"rika Abril Surez",F
COL,Wrestling,"Wrestling Women's Middleweight, Freestyle",,"Laura Valentina Abril Restrepo",F
